Insert into JEDI.APPLICATION
   (IDAPPLICATION, DESCRIPTION, LASTUSER, TIMEST)
 Values
   (1, 'HR application', 'AP', TO_DATE('06/18/2013 10:09:15', 'MM/DD/YYYY HH24:MI:SS'));
COMMIT;

Insert into JEDI.XMLSOURCE
   (IDXMLSOURCE, IDXMLSOURCETYPE, STOREDPROCEDURE, LASTUSER, TIMEST)
 Values
   (5, 1, 'HR.HR_JEDI.EmployeesSelectSQLX', 'Alberto', TO_DATE('09/19/2013 14:56:27', 'MM/DD/YYYY HH24:MI:SS'));
Insert into JEDI.XMLSOURCE
   (IDXMLSOURCE, IDXMLSOURCETYPE, SQLQUERY, LASTUSER, TIMEST)
 Values
   (1, 4, 'select a.*
,        a.hire_date as hire_date_time
from   hr.employees a
where lower(last_name) like ''%'' || lower(?) || ''%''
order by last_name, first_name', 'Alberto', TO_DATE('07/02/2013 15:59:51', 'MM/DD/YYYY HH24:MI:SS'));
Insert into JEDI.XMLSOURCE
   (IDXMLSOURCE, IDXMLSOURCETYPE, IDDOCUMENT, LASTUSER, TIMEST)
 Values
   (2, 2, 1, 'Alberto', TO_DATE('07/01/2013 15:43:54', 'MM/DD/YYYY HH24:MI:SS'));
Insert into JEDI.XMLSOURCE
   (IDXMLSOURCE, IDXMLSOURCETYPE, STOREDPROCEDURE, LASTUSER, TIMEST)
 Values
   (3, 5, 'HR.HR_JEDI.EmployeesSelect', 'Alberto', TO_DATE('09/18/2013 15:08:25', 'MM/DD/YYYY HH24:MI:SS'));
Insert into JEDI.XMLSOURCE
   (IDXMLSOURCE, IDXMLSOURCETYPE, STOREDPROCEDURE, LASTUSER, TIMEST)
 Values
   (4, 1, 'HR.HR_JEDI.EmployeesSelectXML', 'Alberto', TO_DATE('09/18/2013 15:08:48', 'MM/DD/YYYY HH24:MI:SS'));
COMMIT;

Insert into JEDI.DOCUMENT
   (IDDOCUMENT, IDAPPLICATION, DESCRIPTION, IDFORMATTYPE, IDXMLSOURCE, 
    IDREUSABLETRANSFORMER, LASTUSER, TIMEST)
 Values
   (1, 1, 'Employees from query', 5, 1, 
    1, 'Alberto', TO_DATE('07/02/2013 14:17:31', 'MM/DD/YYYY HH24:MI:SS'));
Insert into JEDI.DOCUMENT
   (IDDOCUMENT, IDAPPLICATION, DESCRIPTION, IDFORMATTYPE, IDXMLSOURCE, 
    IDREUSABLETRANSFORMER, LASTUSER, TIMEST)
 Values
   (2, 1, 'Employees excel from JEDI XML Document', 3, 2, 
    2, 'Alberto', TO_DATE('09/19/2013 15:09:06', 'MM/DD/YYYY HH24:MI:SS'));
Insert into JEDI.DOCUMENT
   (IDDOCUMENT, IDAPPLICATION, DESCRIPTION, IDFORMATTYPE, IDXMLSOURCE, 
    IDREUSABLETRANSFORMER, LASTUSER, TIMEST)
 Values
   (3, 1, 'Employees from RS Stored Procedure', 5, 3, 
    1, 'Alberto', TO_DATE('07/02/2013 14:18:31', 'MM/DD/YYYY HH24:MI:SS'));
Insert into JEDI.DOCUMENT
   (IDDOCUMENT, IDAPPLICATION, DESCRIPTION, IDFORMATTYPE, IDXMLSOURCE, 
    IDREUSABLETRANSFORMER, LASTUSER, TIMEST)
 Values
   (4, 1, 'Employees from XML Stored Procedure', 5, 4, 
    1, 'Alberto', TO_DATE('07/02/2013 14:52:28', 'MM/DD/YYYY HH24:MI:SS'));
Insert into JEDI.DOCUMENT
   (IDDOCUMENT, IDAPPLICATION, DESCRIPTION, IDFORMATTYPE, IDXMLSOURCE, 
    LASTUSER, TIMEST)
 Values
   (5, 1, 'Employees from SQLX Stored Procedure', 1, 5, 
    'Alberto', TO_DATE('09/19/2013 15:05:08', 'MM/DD/YYYY HH24:MI:SS'));
COMMIT;

Insert into JEDI.PARAMETER
   (IDPARAMETER, IDDOCUMENT, DESCRIPTION, IDPARAMETERTYPE, LASTUSER, 
    TIMEST)
 Values
   (1, 1, 'Surname', 2, 'Alberto', 
    TO_DATE('07/01/2013 11:11:49', 'MM/DD/YYYY HH24:MI:SS'));
Insert into JEDI.PARAMETER
   (IDPARAMETER, IDDOCUMENT, DESCRIPTION, IDPARAMETERTYPE, LASTUSER, 
    TIMEST)
 Values
   (2, 2, 'Surname', 2, 'Alberto', 
    TO_DATE('07/01/2013 15:44:30', 'MM/DD/YYYY HH24:MI:SS'));
Insert into JEDI.PARAMETER
   (IDPARAMETER, IDDOCUMENT, DESCRIPTION, IDPARAMETERTYPE, LASTUSER, 
    TIMEST)
 Values
   (3, 3, 'Surname', 2, 'Alberto', 
    TO_DATE('07/02/2013 14:18:31', 'MM/DD/YYYY HH24:MI:SS'));
Insert into JEDI.PARAMETER
   (IDPARAMETER, IDDOCUMENT, DESCRIPTION, IDPARAMETERTYPE, LASTUSER, 
    TIMEST)
 Values
   (4, 4, 'Surname', 2, 'Alberto', 
    TO_DATE('07/02/2013 14:52:28', 'MM/DD/YYYY HH24:MI:SS'));
Insert into JEDI.PARAMETER
   (IDPARAMETER, IDDOCUMENT, DESCRIPTION, IDPARAMETERTYPE, LASTUSER, 
    TIMEST)
 Values
   (5, 5, 'Surname', 2, 'Alberto', 
    TO_DATE('09/19/2013 14:57:56', 'MM/DD/YYYY HH24:MI:SS'));
COMMIT;


UPDATE JEDI.XMLSOURCE
SET IDDOCUMENT = 1
WHERE IDXMLSOURCE = 2;

COMMIT;

DROP SEQUENCE JEDI.DOCUMENTSEQ;

CREATE SEQUENCE JEDI.DOCUMENTSEQ
 START WITH 6
 INCREMENT BY 1
 MINVALUE 0
 MAXVALUE 9999999999999999999999999999
 NOCACHE
 NOCYCLE
 NOORDER;

DROP SEQUENCE JEDI.PARAMETERSEQ;

CREATE SEQUENCE JEDI.PARAMETERSEQ
 START WITH 6
 INCREMENT BY 1
 MINVALUE 0
 MAXVALUE 9999999999999999999999999999
 NOCACHE
 NOCYCLE
 NOORDER;
 
DROP SEQUENCE JEDI.REUSABLETRANSFORMERSEQ;

CREATE SEQUENCE JEDI.REUSABLETRANSFORMERSEQ
 START WITH 4
 INCREMENT BY 1
 MINVALUE 0
 MAXVALUE 9999999999999999999999999999
 NOCACHE
 NOCYCLE
 NOORDER;
 
DROP SEQUENCE JEDI.XMLSOURCESEQ;

CREATE SEQUENCE JEDI.XMLSOURCESEQ
 START WITH 6
 INCREMENT BY 1
 MINVALUE 0
 MAXVALUE 9999999999999999999999999999
 NOCACHE
 NOCYCLE
 NOORDER;
   